{"coco/bbox_mAP": 0.398, "coco/bbox_mAP_50": 0.714, "coco/bbox_mAP_75": 0.394, "coco/bbox_mAP_s": 0.273, "coco/bbox_mAP_m": 0.432, "coco/bbox_mAP_l": 0.66, "data_time": 0.048708712973562225, "time": 4.735754619650289}