{"coco/bbox_mAP": 0.397, "coco/bbox_mAP_50": 0.713, "coco/bbox_mAP_75": 0.394, "coco/bbox_mAP_s": 0.273, "coco/bbox_mAP_m": 0.432, "coco/bbox_mAP_l": 0.66, "data_time": 0.026856132916041782, "time": 0.08116035315455222}